{
  "ext/controller/ListReportExtension-dbg.js": 1718618633202,
  "ext/fragment/CustomAction.controller.js": 1718618633202,
  "ext/handleDownload/HandleDownload.js": 1718618633202,
  "manifest.json": 1718638236209,
  "ext/controller/ListReportExtension.js": 1718618633202,
  "ext/controller/DownloadExcel.js": 1718618633202,
  "ext/controller/Custom.js": 1718638156858,
  "Component.js": 1718618633202,
  "Component-preload.js": 1718638236595,
  "i18n/i18n.properties": 1718618633202,
  "ext/controller/DownloadExcel-dbg.js": 1718618633202,
  "ext/controller/Custom-dbg.js": 1718638156858,
  "ext/fragment/CustomAction-dbg.controller.js": 1718618633202,
  "ext/handleDownload/HandleDownload-dbg.js": 1718618633202,
  "Component-dbg.js": 1718618633202,
  "ext/fragment/CustomAction.fragment.xml": 1718618633202,
  "index.html": 1718618633202
}