{
  "ext/fragment/CustomAction-dbg.controller.js": 1716552653135,
  "ext/fragment/CustomAction.controller.js": 1716552653135,
  "ext/handleDownload/HandleDownload.js": 1716548914802,
  "manifest.json": 1716874089895,
  "ext/controller/ListReportExtension.js": 1716872157294,
  "ext/controller/DownloadExcel.js": 1716824518651,
  "Component.js": 1716526874858,
  "Component-preload.js": 1716874090465,
  "ext/handleDownload/HandleDownload-dbg.js": 1716548914802,
  "i18n/i18n.properties": 1716533291018,
  "ext/controller/ListReportExtension-dbg.js": 1716872157294,
  "ext/controller/DownloadExcel-dbg.js": 1716824518651,
  "Component-dbg.js": 1716526874858,
  "ext/list/CustomActionFragment.fragment.xml.xml": 1716529904430,
  "ext/fragment/CustomAction.fragment.xml": 1716552874372,
  "index.html": 1715851905664
}